{
    "Pt":1.418941532551301,
    "Cu": 1.0,
    "Ir": 1.6518658501963714,
    "Pd": 1.2461196601739593,
    "Rh": 1.4728108197625485
}