{
    "alpha": 7.3672867578683086,
    "beta": 1.7019251333263938e-11,
    "gamma": 4.496216598148614,
    "factor_mult_epsa": [
        1.3,
        1
    ],
    "eps_a": [
        -7,
        2.5
    ],
    "delta0": 0.1
}