{
    "alpha": 0.05620662734393847,
    "beta": 2.739799230232741,
    "gamma": 4.95898183627048,
    "epsilon": [
        0.9541178164629975
    ],
    "eps_a": [
        -7,
        2.5
    ],
    "delta0": 0.1,
    "no_of_bonds_list": [
        1,
        1
    ]
}