{
    "alpha": 0.0581871904459606,
    "beta": 2.2802583018995857,
    "gamma": 4.983950397889866,
    "epsilon": [
        1.0678297209006589
    ],
    "eps_a": [
        -7,
        2.5
    ],
    "delta0": 0.1
}