{
    "alpha": 0.05246676402788017,
    "beta": 2.8919492551840698,
    "gamma": 4.985129243246002,
    "epsilon": [
        0.9192385951313322
    ],
    "eps_a": [
        -7,
        2.5
    ],
    "delta0": 0.1,
    "no_of_bonds_list": [
        1,
        1
    ]
}