{
    "alpha": [
        1.2009805538075193,
        0.965147875886821
    ],
    "beta": [
        1.7800313975170731e-07,
        1.838638088117516
    ],
    "gamma": 1.2465113737521603
}